{
    "acc": [
        0.7616742253303528,
        0.8512893915176392,
        0.8812182545661926,
        0.9020817279815674,
        0.9171567559242249,
        0.9291791319847107,
        0.9391917586326599,
        0.9476698040962219,
        0.9551709890365601,
        0.9605336785316467,
        0.9838326573371887,
        0.9915450811386108,
        0.9942511916160583,
        0.995541512966156,
        0.9957131147384644
    ],
    "epoch": [
        0,
        1,
        2,
        3,
        4,
        5,
        6,
        7,
        8,
        9,
        10,
        11,
        12,
        13,
        14
    ],
    "loss": [
        0.8089409036703437,
        0.4659401877402747,
        0.36166371181251705,
        0.29396884378878907,
        0.24513504297767266,
        0.20756564238877037,
        0.1768924201263063,
        0.1511019601143671,
        0.13019565381325926,
        0.11305868244087691,
        0.047689357048250614,
        0.025559945066005292,
        0.018280989453951655,
        0.014178448966924663,
        0.013679266519275585
    ],
    "lr": [
        0.0010000000474974513,
        0.0010000000474974513,
        0.0010000000474974513,
        0.0010000000474974513,
        0.0010000000474974513,
        0.0010000000474974513,
        0.0010000000474974513,
        0.0010000000474974513,
        0.0010000000474974513,
        0.0010000000474974513,
        0.00010000000474974513,
        0.00010000000474974513,
        0.00010000000474974513,
        1.0000000656873453e-05,
        1.0000000656873453e-05
    ],
    "timestamp": "2024-03-26_155606",
    "training time (s)": 244625.65,
    "val_acc": [
        0.8249597549438477,
        0.8266472220420837,
        0.8364654183387756,
        0.8348546624183655,
        0.8341643214225769,
        0.830712616443634,
        0.8324000835418701,
        0.8330904245376587,
        0.831019401550293,
        0.8351614475250244,
        0.8438290953636169,
        0.8436756730079651,
        0.8449029922485352,
        0.8445194363594055,
        0.8445194363594055
    ],
    "val_loss": [
        0.5766087048029973,
        0.5555006412160726,
        0.5663818415414337,
        0.5741239846735461,
        0.6393418535567317,
        0.6395316214489242,
        0.6800468048610742,
        0.7245468782009614,
        0.7362242069326775,
        0.7809587105762991,
        0.8471282618680651,
        0.9291825724080379,
        1.0088097154494304,
        1.0263880407879329,
        1.0272378414680892
    ]
}